"マーケット","注文方法","取引種別","価格","数量","取引手数料","ボーナス円","日時","コメント"
"xem_jpy","指値","bid","3.85","25974","0",,"2025-01-13 19:45:39.016041",
"xem_jpy","指値","bid","3.845","26007.8","0",,"2025-01-13 19:51:18.748450",
"xem_jpy","指値","bid","3.841","6840","0",,"2025-01-13 20:27:45.171117",
"xem_jpy","指値","bid","3.841","10000","0",,"2025-01-13 20:34:29.294194",
"xem_jpy","指値","bid","3.841","4000","0",,"2025-01-13 20:39:03.383107",
"xem_jpy","指値","bid","3.841","3000","0",,"2025-01-13 20:39:04.011242",
"xem_jpy","指値","bid","3.841","0.1","0",,"2025-01-13 20:42:24.386322",
"xem_jpy","指値","bid","3.841","0.1","0",,"2025-01-13 20:53:01.472439",
"xem_jpy","指値","bid","3.841","6670","0",,"2025-01-13 20:57:49.437908",
"xem_jpy","指値","bid","3.841","20110","0",,"2025-01-13 20:58:28.208066",
"xem_jpy","指値","bid","3.841","1449.5","0",,"2025-01-13 20:58:36.900040",
"xem_jpy","指値","ask","4.05","1075.3","0",,"2025-01-14 18:37:30.686711",
"xem_jpy","指値","ask","4.05","3000","0",,"2025-01-14 18:37:31.234151",
"xem_jpy","指値","ask","4.05","3000","0",,"2025-01-14 18:37:31.788201",
"xem_jpy","指値","ask","4.05","3000","0",,"2025-01-14 18:37:32.233783",
"xem_jpy","指値","ask","4.05","3000","0",,"2025-01-14 18:37:32.688405",
"xem_jpy","指値","ask","4.05","3000","0",,"2025-01-14 18:37:33.759206",
"xem_jpy","指値","ask","4.05","3000","0",,"2025-01-14 18:37:34.203985",
"xem_jpy","指値","ask","4.05","3000","0",,"2025-01-14 18:37:39.143083",
"xem_jpy","指値","ask","4.05","3000","0",,"2025-01-14 18:37:39.590319",
"xem_jpy","指値","ask","4.05","3000","0",,"2025-01-14 18:37:40.054061",
"xem_jpy","指値","ask","4.05","3000","0",,"2025-01-14 18:37:41.140042",
"xem_jpy","指値","ask","4.05","3000","0",,"2025-01-14 18:37:41.553728",
"xem_jpy","指値","ask","4.05","3000","0",,"2025-01-14 18:37:42.366589",
"xem_jpy","指値","ask","4.05","3000","0",,"2025-01-14 18:37:42.711442",
"xem_jpy","指値","ask","4.05","3000","0",,"2025-01-14 18:37:53.826579",
"xem_jpy","指値","ask","4.05","3000","0",,"2025-01-14 18:37:54.256962",
"xem_jpy","指値","ask","4.05","3000","0",,"2025-01-14 18:37:54.738891",
"xem_jpy","指値","ask","4.05","3000","0",,"2025-01-14 18:37:55.140919",
"xem_jpy","指値","ask","4.05","3000","0",,"2025-01-14 18:37:55.726527",
"xem_jpy","指値","ask","4.05","3000","0",,"2025-01-14 18:37:56.185843",
"xem_jpy","指値","ask","4.05","3000","0",,"2025-01-14 18:37:56.759007",
"xem_jpy","指値","ask","4.05","3000","0",,"2025-01-14 18:37:57.225902",
"xem_jpy","指値","ask","4.05","3000","0",,"2025-01-14 18:37:57.676320",
"xem_jpy","指値","ask","4.05","3000","0",,"2025-01-14 18:38:04.058545",
"xem_jpy","指値","ask","4.05","1396","0",,"2025-01-14 18:39:49.094508",
"xem_jpy","指値","ask","4.05","1396","0",,"2025-01-14 18:39:49.640858",
"xem_jpy","指値","ask","4.05","25","0",,"2025-01-14 18:42:56.240960",
"xem_jpy","指値","ask","4.05","19952","0",,"2025-01-14 18:45:32.976060",
"xem_jpy","指値","ask","4.05","11207.2","0",,"2025-01-14 18:45:37.535458",
"xem_jpy","指値","bid","3.75","12596","0",,"2025-01-19 20:43:23.246419",
"xem_jpy","指値","bid","3.75","2000","0",,"2025-01-19 20:43:32.735173",
"xem_jpy","指値","bid","3.75","2000","0",,"2025-01-19 20:43:41.037330",
"xem_jpy","指値","bid","3.75","8100","0",,"2025-01-19 20:43:49.338298",
"xem_jpy","指値","bid","3.75","14712","0",,"2025-01-19 20:45:26.646789",
"xem_jpy","指値","bid","3.75","12531","0",,"2025-01-19 20:45:34.982687",
"xem_jpy","指値","bid","3.75","22467","0",,"2025-01-19 20:45:48.137549",
"xem_jpy","指値","bid","3.75","12536","0",,"2025-01-19 20:45:48.466654",
"xem_jpy","指値","bid","3.75","6258","0",,"2025-01-19 20:45:55.126786",
"xem_jpy","指値","bid","3.75","6800","0",,"2025-01-19 20:45:56.773871",
"xem_jpy","指値","bid","3.71","12835","0",,"2025-01-20 07:48:19.220479",
"xem_jpy","指値","bid","3.71","87165","0",,"2025-01-20 07:50:58.022097",
"xem_jpy","指値","bid","3.65","12112","0",,"2025-01-20 09:59:27.392203",
"xem_jpy","指値","bid","3.65","2000","0",,"2025-01-20 09:59:30.960790",
"xem_jpy","指値","bid","3.65","3772","0",,"2025-01-20 09:59:44.501892",
"xem_jpy","指値","bid","3.65","2000","0",,"2025-01-20 09:59:52.813158",
"xem_jpy","指値","bid","3.65","2519","0",,"2025-01-20 10:00:01.139125",
"xem_jpy","指値","bid","3.65","20198","0",,"2025-01-20 10:01:31.259239",
"xem_jpy","指値","bid","3.65","20198","0",,"2025-01-20 10:01:38.319479",
"xem_jpy","指値","bid","3.65","20264","0",,"2025-01-20 10:05:45.350342",
"xem_jpy","指値","bid","3.65","4212","0",,"2025-01-20 10:05:55.696012",
"xem_jpy","指値","bid","3.65","2000","0",,"2025-01-20 10:06:04.359439",
"xem_jpy","指値","bid","3.65","0.1","0",,"2025-01-20 10:23:41.678239",
"xem_jpy","指値","bid","3.65","6526","0",,"2025-01-20 10:26:05.115691",
"xem_jpy","指値","bid","3.65","0.1","0",,"2025-01-20 10:27:02.746814",
"xem_jpy","指値","bid","3.68","3000","0",,"2025-01-21 09:05:38.556472",
"xem_jpy","指値","bid","3.6735","1839.9","0",,"2025-01-21 09:07:40.150973",
"xem_jpy","指値","bid","3.6735","1160.1","0",,"2025-01-21 09:07:48.558491",
"xem_jpy","指値","bid","3.66","4000","0",,"2025-01-21 09:26:06.478406",
"xem_jpy","指値","bid","3.6512","1900","0",,"2025-01-21 09:30:56.374674",
"xem_jpy","指値","bid","3.6512","18216","0",,"2025-01-21 09:31:04.216677",
"xem_jpy","指値","bid","3.6512","3888","0",,"2025-01-21 09:31:04.823570",
"xem_jpy","指値","bid","3.6512","16294","0",,"2025-01-21 09:31:11.222761",
"xem_jpy","指値","bid","3.6512","2000","0",,"2025-01-21 09:31:13.126748",
"xem_jpy","指値","bid","3.6512","18104","0",,"2025-01-21 09:31:24.301657",
"xem_jpy","指値","bid","3.6512","19952","0",,"2025-01-21 09:31:26.679644",
"xem_jpy","指値","bid","3.6512","2000","0",,"2025-01-21 09:31:35.050480",
"xem_jpy","指値","bid","3.6512","2000","0",,"2025-01-21 09:31:58.778381",
"xem_jpy","指値","bid","3.6512","10000","0",,"2025-01-21 09:31:59.523846",
"xem_jpy","指値","bid","3.6512","5646","0",,"2025-01-21 09:32:03.595757",
"xem_jpy","指値","bid","3.6501","175.2","0",,"2025-01-21 10:26:02.075808",
"xem_jpy","指値","bid","3.6501","0.4","0",,"2025-01-21 10:28:11.527469",
"xem_jpy","指値","bid","3.6501","3000","0",,"2025-01-21 10:28:45.393987",
"xem_jpy","指値","bid","3.6501","3000","0",,"2025-01-21 10:28:45.866724",
"xem_jpy","指値","bid","3.6501","3000","0",,"2025-01-21 10:28:46.450854",
"xem_jpy","指値","bid","3.6501","6089","0",,"2025-01-21 10:29:45.465720",
"xem_jpy","指値","bid","3.6501","8587","0",,"2025-01-21 10:30:30.750451",
"xem_jpy","指値","bid","3.6501","518","0",,"2025-01-21 10:30:50.814706",
"xem_jpy","指値","bid","3.6501","2000","0",,"2025-01-21 10:31:07.186061",
"xem_jpy","指値","bid","3.6501","1027.6","0",,"2025-01-21 10:31:10.672975",
"xem_jpy","指値","bid","3.6501","14660.4","0",,"2025-01-21 10:31:10.672975",
"xem_jpy","指値","bid","3.6501","12736.1","0",,"2025-01-21 10:31:19.152376",
"xem_jpy","指値","bid","3.6501","27396.5","0",,"2025-01-21 10:37:57.870356",
"xem_jpy","指値","bid","3.6501","4728","0",,"2025-01-21 10:48:28.725329",
"xem_jpy","指値","bid","3.6501","600","0",,"2025-01-21 10:50:14.023945",
"xem_jpy","指値","bid","3.6501","2856","0",,"2025-01-21 10:52:19.142508",
"xem_jpy","指値","bid","3.6501","2000","0",,"2025-01-21 11:04:24.943477",
"xem_jpy","指値","bid","3.6501","2000","0",,"2025-01-21 11:04:53.810278",
"xem_jpy","指値","bid","3.6501","3874","0",,"2025-01-21 11:05:07.718286",
"xem_jpy","指値","bid","3.6501","10190","0",,"2025-01-21 11:05:10.194206",
"xem_jpy","指値","bid","3.6501","1148.5","0",,"2025-01-21 11:10:04.533650",
"xem_jpy","指値","bid","3.6501","851.5","0",,"2025-01-21 11:10:04.533650",
"xem_jpy","指値","bid","3.6501","18094.6","0",,"2025-01-21 11:20:11.680084",
"xem_jpy","指値","bid","3.6501","4778","0",,"2025-01-21 11:24:36.951457",
"xem_jpy","指値","bid","3.6501","2000","0",,"2025-01-21 11:24:45.249531",
"xem_jpy","指値","bid","3.6501","1672.4","0",,"2025-01-21 11:25:14.424786",
"xem_jpy","指値","bid","3.6501","5251.6","0",,"2025-01-21 11:25:14.424786",
"xem_jpy","指値","bid","3.6501","2000","0",,"2025-01-21 11:25:27.827214",
"xem_jpy","指値","bid","3.6501","19698","0",,"2025-01-21 11:25:36.134068",
"xem_jpy","指値","bid","3.6501","446.9","0",,"2025-01-21 11:27:38.470211",
"xem_jpy","指値","bid","3.6501","19835.1","0",,"2025-01-21 11:27:38.470211",
"xem_jpy","指値","bid","3.6501","2383","0",,"2025-01-21 11:27:45.547736",
"xem_jpy","指値","bid","3.6501","2000","0",,"2025-01-21 11:28:24.418939",
"xem_jpy","指値","bid","3.6501","3178.4","0",,"2025-01-21 11:28:31.246683",
"xem_jpy","指値","bid","3.6501","2125","0",,"2025-01-21 11:28:38.249520",
"xem_jpy","指値","bid","3.6501","2000","0",,"2025-01-21 11:28:40.968392",
"xem_jpy","指値","bid","3.6501","2000","0",,"2025-01-21 11:28:49.296082",
"xem_jpy","指値","bid","3.6501","16264","0",,"2025-01-21 11:28:51.311321",
"xem_jpy","指値","bid","3.6501","2000","0",,"2025-01-21 11:28:57.594618",
"xem_jpy","指値","bid","3.6501","8486.8","0",,"2025-01-21 11:28:58.024573",
"xem_jpy","指値","bid","3.61","7464","0",,"2025-01-21 13:36:55.491608",
"xem_jpy","指値","bid","3.61","3307","0",,"2025-01-21 13:36:58.481016",
"xem_jpy","指値","bid","3.61","2334","0",,"2025-01-21 13:37:06.788106",
"xem_jpy","指値","bid","3.61","4963","0",,"2025-01-21 13:37:15.220459",
"xem_jpy","指値","bid","3.61","9632.8","0",,"2025-01-21 13:37:15.584118",
"xem_jpy","指値","ask","3.7199","3400","0",,"2025-01-21 19:32:13.599354",
"xem_jpy","指値","ask","3.7199","5015","0",,"2025-01-21 19:48:10.907288",
"xem_jpy","指値","ask","3.7199","5015","0",,"2025-01-21 19:48:13.885939",
"xem_jpy","指値","ask","3.7199","11.2","0",,"2025-01-21 19:48:16.889501",
"xem_jpy","指値","ask","3.7199","5003.8","0",,"2025-01-21 19:48:16.889501",
"xem_jpy","指値","ask","3.7199","5015","0",,"2025-01-21 19:48:19.838773",
"xem_jpy","指値","ask","3.7199","3422.4","0",,"2025-01-21 19:49:46.963330",
"xem_jpy","指値","ask","3.7199","1592.6","0",,"2025-01-21 19:49:46.963330",
"xem_jpy","指値","ask","3.7199","5015","0",,"2025-01-21 19:49:50.417405",
"xem_jpy","指値","ask","3.7199","5015","0",,"2025-01-21 19:49:52.945532",
"xem_jpy","指値","ask","3.7199","5015","0",,"2025-01-21 19:49:56.015026",
"xem_jpy","指値","ask","3.7199","462","0",,"2025-01-21 19:54:21.944920",
"xem_jpy","指値","bid","3.6462","3227","0",,"2025-01-21 20:32:21.778954",
"xem_jpy","指値","ask","3.7199","0.5","0",,"2025-01-21 20:56:44.050945",
"xem_jpy","指値","bid","3.745","487.2","1.4616",,"2025-01-21 22:28:06.189630",
"xem_jpy","指値","bid","3.745","0.5","0",,"2025-01-21 22:35:25.806033",
"xem_jpy","指値","bid","3.745","100","0",,"2025-01-21 23:01:38.579973",
"xem_jpy","指値","bid","3.745","1236","0",,"2025-01-21 23:09:41.150434",
"xem_jpy","指値","bid","3.745","3228.7","0",,"2025-01-21 23:18:11.541642",
"xem_jpy","指値","bid","3.745","21649.7","0",,"2025-01-21 23:24:44.737175",
"xem_jpy","指値","bid","3.745","8350.3","0",,"2025-01-21 23:24:44.737175",
"xem_jpy","指値","bid","3.745","16350","0",,"2025-01-21 23:38:50.460291",
"xem_jpy","指値","bid","3.745","16811","0",,"2025-01-21 23:40:19.748201",
"xem_jpy","指値","bid","3.745","79","0",,"2025-01-21 23:40:37.983880",
"xem_jpy","指値","ask","3.979","1","0",,"2025-01-22 04:02:06.212966",
"xem_jpy","指値","ask","3.9","2000","0",,"2025-01-22 04:09:43.007824",
"xem_jpy","指値","ask","3.9","3000","0",,"2025-01-22 04:09:43.159804",
"xem_jpy","指値","ask","3.9","3000","0",,"2025-01-22 04:09:43.604994",
"xem_jpy","指値","ask","3.9","3000","0",,"2025-01-22 04:09:44.075623",
"xem_jpy","指値","ask","3.9","2000","0",,"2025-01-22 04:09:48.316327",
"xem_jpy","指値","ask","3.9","38282","0",,"2025-01-22 04:09:49.356536",
"xem_jpy","指値","ask","3.9","50000","0",,"2025-01-22 04:14:47.422374",
"xem_jpy","指値","ask","3.9","1282","0",,"2025-01-22 04:14:56.021489",
"xem_jpy","指値","ask","3.87","999.7","11.606517",,"2025-01-22 07:07:33.915273",
"xem_jpy","指値","bid","3.84","26041.6","0",,"2025-01-22 09:42:14.920247",
"xem_jpy","指値","ask","3.82","3000","0",,"2025-01-22 11:35:53.460115",
"xem_jpy","指値","ask","3.82","3000","0",,"2025-01-22 11:35:54.309628",
"xem_jpy","指値","ask","3.82","3000","0",,"2025-01-22 11:35:54.708138",
"xem_jpy","指値","ask","3.82","3000","0",,"2025-01-22 11:35:55.179778",
"xem_jpy","指値","ask","3.82","3000","0",,"2025-01-22 11:35:55.619905",
"xem_jpy","指値","ask","3.82","3000","0",,"2025-01-22 11:35:56.109883",
"xem_jpy","指値","ask","3.82","3000","0",,"2025-01-22 11:35:56.631640",
"xem_jpy","指値","ask","3.82","3000","0",,"2025-01-22 11:35:57.294796",
"xem_jpy","指値","ask","3.82","2178","0",,"2025-01-22 11:35:57.615371",
"xem_jpy","指値","ask","3.8475","822","0",,"2025-01-22 11:35:57.615371",
"xem_jpy","指値","ask","3.8475","25168.9","0",,"2025-01-22 11:37:52.085596",
"xem_jpy","指値","ask","3.9","17267.1","0",,"2025-01-22 12:30:41.506706",
"xem_jpy","指値","bid","3.7851","17403.4","0",,"2025-01-22 21:38:26.720817",
"xem_jpy","指値","bid","3.7851","20658","0",,"2025-01-22 22:26:35.150588",
"xem_jpy","指値","bid","3.7851","16.3","0",,"2025-01-22 23:07:02.504389",
"xem_jpy","指値","bid","3.7851","4193.3","0",,"2025-01-22 23:45:24.573847",
"xem_jpy","指値","bid","3.75","4171.3","0",,"2025-01-23 00:36:44.719423",
"xem_jpy","指値","bid","3.75","0.1","0",,"2025-01-23 00:37:34.416828",
"xem_jpy","指値","bid","3.75","26371.3","0",,"2025-01-23 00:39:02.521127",
"xem_jpy","指値","bid","3.75","13.9","0",,"2025-01-23 00:40:28.472346",
"xem_jpy","指値","ask","3.8087","273.5","0",,"2025-01-23 08:33:10.362906",
"xem_jpy","指値","ask","3.8087","273.5","0",,"2025-01-23 08:43:10.398800",
"xem_jpy","指値","ask","3.8087","273.5","0",,"2025-01-23 08:53:09.764707",
"xem_jpy","指値","ask","3.8087","273.2","0",,"2025-01-23 09:03:10.690094",
"xem_jpy","指値","ask","3.8087","25161.9","0",,"2025-01-23 09:04:02.423126",
"xem_jpy","指値","ask","3.81","16331.5","0",,"2025-01-23 09:04:11.675137",
"xem_jpy","指値","bid","3.7525","26915.3","0",,"2025-01-23 10:10:10.712072",
"xem_jpy","指値","bid","3.7519","13084.7","0",,"2025-01-23 10:10:10.712072",
"xem_jpy","指値","bid","3.75","25446.3","0",,"2025-01-23 10:54:10.233318",
"xem_jpy","指値","bid","3.741","26730.8","0",,"2025-01-23 11:12:45.048448",
"cot_jpy","指値","bid","1.061","7609.6466","0",,"2025-01-23 11:46:53.001984",
"cot_jpy","指値","bid","1.061","748","0",,"2025-01-23 11:58:42.424519",
"cot_jpy","指値","bid","1.061","5566","0",,"2025-01-23 12:06:26.057847",
"cot_jpy","指値","bid","1.061","3681","0",,"2025-01-23 12:07:12.089714",
"cot_jpy","指値","bid","1.061","3681","0",,"2025-01-23 12:07:33.711267",
"cot_jpy","指値","bid","1.061","3681","0",,"2025-01-23 12:07:47.506977",
"cot_jpy","指値","bid","1.061","3681","0",,"2025-01-23 12:08:11.067015",
"cot_jpy","指値","bid","1.061","3681","0",,"2025-01-23 12:08:32.369614",
"cot_jpy","指値","bid","1.061","3681","0",,"2025-01-23 12:08:42.813981",
"cot_jpy","指値","bid","1.061","9993","0",,"2025-01-23 12:08:52.733018",
"cot_jpy","指値","bid","1.061","9993","0",,"2025-01-23 12:09:03.237524",
"cot_jpy","指値","bid","1.061","9996","0",,"2025-01-23 12:09:13.896863",
"cot_jpy","指値","bid","1.061","9990","0",,"2025-01-23 12:09:24.599578",
"cot_jpy","指値","bid","1.061","7309.2","0",,"2025-01-23 12:16:40.952793",
"cot_jpy","指値","bid","1.061","3681","0",,"2025-01-23 12:18:04.058356",
"cot_jpy","指値","bid","1.061","3175","0",,"2025-01-23 12:18:14.167776",
"cot_jpy","指値","bid","1.061","3681","0",,"2025-01-23 12:18:48.227379",
"cot_jpy","指値","bid","1.06","2366.7944","0",,"2025-01-23 13:14:31.941115",
"cot_jpy","指値","bid","1.06","7343.2","0",,"2025-01-23 13:14:49.677275",
"cot_jpy","指値","bid","1.06","7839.4","0",,"2025-01-23 13:15:00.397680",
"cot_jpy","指値","bid","1.06","5163.9","0",,"2025-01-23 13:15:41.199427",
"cot_jpy","指値","bid","1.06","4526.4","0",,"2025-01-23 13:23:29.323077",
"cot_jpy","指値","bid","1.0602","6457.6","0",,"2025-01-23 14:33:27.789088",
"cot_jpy","指値","bid","1.0602","7508.8","0",,"2025-01-23 14:33:39.953463",
"cot_jpy","指値","bid","1.0602","7926","0",,"2025-01-23 14:33:51.366775",
"cot_jpy","指値","bid","1.0602","1872.5","0",,"2025-01-23 14:44:02.405709",
"cot_jpy","指値","bid","1.0602","176.1","0",,"2025-01-23 14:44:22.001955",
"cot_jpy","指値","bid","1.0602","21080.1927","0",,"2025-01-23 14:53:25.535558",
"cot_jpy","指値","bid","1.0602","956.8","0",,"2025-01-23 15:30:51.837558",
"cot_jpy","指値","bid","1.0602","5472.8","0",,"2025-01-23 15:32:17.608944",
"cot_jpy","指値","bid","1.0602","5067.3","0",,"2025-01-23 15:36:45.292237",
"cot_jpy","指値","bid","1.0602","4517.8","0",,"2025-01-23 15:50:22.401201",
"cot_jpy","指値","bid","1.0602","450.5","0",,"2025-01-23 17:17:58.149088",
"xem_jpy","指値","bid","3.75","999.4","0",,"2025-01-23 18:13:39.224393",
"xem_jpy","指値","bid","3.75","150","0",,"2025-01-23 18:19:19.795074",
"xem_jpy","指値","bid","3.75","28983.9","0",,"2025-01-23 18:31:34.713703",
"cot_jpy","指値","bid","1.0602","6339.7","0",,"2025-01-23 18:44:27.815676",
"cot_jpy","指値","bid","1.0602","7398","0",,"2025-01-23 18:44:46.320974",
"cot_jpy","指値","bid","1.0602","6562.6","0",,"2025-01-23 18:45:20.980883",
"cot_jpy","指値","bid","1.0602","5216.2","0",,"2025-01-23 18:45:46.629826",
"cot_jpy","指値","bid","1.0602","5973.4","0",,"2025-01-23 18:45:57.190406",
"cot_jpy","指値","bid","1.0602","1875.26","0",,"2025-01-23 18:47:28.746282",
"cot_jpy","指値","bid","1.0602","9992","0",,"2025-01-23 18:47:43.956791",
"cot_jpy","指値","bid","1.0602","1875.26","0",,"2025-01-23 18:47:53.513301",
"cot_jpy","指値","bid","1.0602","6177.3","0",,"2025-01-23 18:48:52.181071",
"cot_jpy","指値","bid","1.0602","5811.6","0",,"2025-01-23 18:52:16.550886",
"cot_jpy","指値","bid","1.0602","33593.7503","0",,"2025-01-23 19:03:14.913663",
"cot_jpy","指値","bid","1.056","38286.2497","0",,"2025-01-23 19:03:14.913663",
"cot_jpy","指値","bid","1.056","5217.3","0",,"2025-01-23 19:08:12.263935",
"cot_jpy","指値","bid","1.056","5036.5","0",,"2025-01-23 19:08:39.709282",
"cot_jpy","指値","bid","1.056","7415.3","0",,"2025-01-23 19:09:33.132858",
"cot_jpy","指値","bid","1.056","6830.1","0",,"2025-01-23 19:12:06.017121",
"cot_jpy","指値","bid","1.056","9991","0",,"2025-01-23 19:14:26.381392",
"cot_jpy","指値","bid","1.056","9995","0",,"2025-01-23 19:14:36.093156",
"cot_jpy","指値","bid","1.056","10000","0",,"2025-01-23 19:14:46.666102",
"cot_jpy","指値","bid","1.056","9998","0",,"2025-01-23 19:14:59.125005",
"cot_jpy","指値","bid","1.056","1397.2169","0",,"2025-01-23 19:15:09.154806",
"cot_jpy","指値","bid","1.055","6003.3","0",,"2025-01-23 19:16:36.558212",
"cot_jpy","指値","bid","1.055","9999","0",,"2025-01-23 19:18:36.898117",
"cot_jpy","指値","bid","1.055","9994","0",,"2025-01-23 19:18:47.750644",
"cot_jpy","指値","bid","1.055","4901","0",,"2025-01-23 19:25:56.353890",
"cot_jpy","指値","bid","1.055","2860.5","0",,"2025-01-23 19:27:19.919980",
"cot_jpy","指値","bid","1.055","7514","0",,"2025-01-23 19:27:38.775173",
"xem_jpy","指値","ask","3.81","1569.4","0",,"2025-01-23 19:29:06.249921",
"xem_jpy","指値","ask","3.81","3000","0",,"2025-01-23 19:29:06.667062",
"xem_jpy","指値","ask","3.81","3000","0",,"2025-01-23 19:29:07.260683",
"xem_jpy","指値","ask","3.81","3000","0",,"2025-01-23 19:29:07.711920",
"xem_jpy","指値","ask","3.81","3000","0",,"2025-01-23 19:29:08.141787",
"xem_jpy","指値","ask","3.81","3000","0",,"2025-01-23 19:29:15.339824",
"xem_jpy","指値","ask","3.81","3000","0",,"2025-01-23 19:29:15.821641",
"xem_jpy","指値","ask","3.81","3000","0",,"2025-01-23 19:29:16.252106",
"xem_jpy","指値","ask","3.81","3000","0",,"2025-01-23 19:29:16.651428",
"xem_jpy","指値","ask","3.81","7125","0",,"2025-01-23 19:29:22.349179",
"xem_jpy","指値","ask","3.81","3000","0",,"2025-01-23 19:29:24.996768",
"xem_jpy","指値","ask","3.81","467.5","0",,"2025-01-23 19:29:25.063126",
"cot_jpy","指値","bid","1.055","5572","0",,"2025-01-23 19:33:59.848376",
"cot_jpy","指値","bid","1.055","3466.7","0",,"2025-01-23 19:34:09.814658",
"cot_jpy","指値","bid","1.055","1530","0",,"2025-01-23 19:34:20.901725",
"cot_jpy","指値","bid","1.055","1490.3","0",,"2025-01-23 19:34:41.153008",
"cot_jpy","指値","bid","1.055","6538.5","0",,"2025-01-23 19:34:51.813778",
"cot_jpy","指値","bid","1.055","7970","0",,"2025-01-23 19:35:01.609635",
"cot_jpy","指値","bid","1.055","7401.6","0",,"2025-01-23 19:35:11.966191",
"cot_jpy","指値","bid","1.055","202.5","0",,"2025-01-23 19:38:09.611857",
"cot_jpy","指値","bid","1.055","6541.8","0",,"2025-01-23 19:38:19.542388",
"cot_jpy","指値","bid","1.055","12640.2","0",,"2025-01-23 19:40:26.012630",
"cot_jpy","指値","bid","1.055","5124.7","0",,"2025-01-23 19:42:23.894298",
"cot_jpy","指値","bid","1.055","5464.8","0",,"2025-01-23 19:42:51.122794",
"cot_jpy","指値","bid","1.055","6393.5","0",,"2025-01-23 19:43:10.063205",
"cot_jpy","指値","bid","1.055","7099.8","0",,"2025-01-23 19:45:20.299367",
"cot_jpy","指値","bid","1.055","6657.6","0",,"2025-01-23 19:45:37.143637",
"cot_jpy","指値","bid","1.055","6568.9","0",,"2025-01-23 19:46:03.443517",
"cot_jpy","指値","bid","1.055","7550.6","0",,"2025-01-23 19:52:57.364329",
"cot_jpy","指値","bid","1.055","6966.78","0",,"2025-01-23 19:54:37.851288",
"cot_jpy","指値","bid","1.055","11980.2","0",,"2025-01-23 20:03:48.601064",
"cot_jpy","指値","bid","1.055","11632.9","0",,"2025-01-23 20:06:36.700522",
"cot_jpy","指値","bid","1.055","7594.2","0",,"2025-01-23 20:08:04.642886",
"cot_jpy","指値","bid","1.055","5754.4","0",,"2025-01-23 20:53:29.937320",
"cot_jpy","指値","bid","1.055","4599","0",,"2025-01-23 20:54:01.801314",
"cot_jpy","指値","bid","1.055","1560.6797","0",,"2025-01-23 20:54:11.145543",
"xem_jpy","指値","ask","3.8","29444.1","0",,"2025-01-23 23:30:41.874471",
"xem_jpy","指値","ask","3.8","3604.4","0",,"2025-01-23 23:30:55.039398",
"xem_jpy","指値","ask","3.8","19583","0",,"2025-01-23 23:37:14.178460",
"cot_jpy","指値","bid","1.0503","48216","144.648",,"2025-01-23 23:49:25.729968",
"cot_jpy","指値","bid","1.0503","1","0",,"2025-01-23 23:59:53.509674",
"xem_jpy","指値","ask","3.8","3000","0",,"2025-01-24 00:43:57.477488",
"xem_jpy","指値","ask","3.8","3000","0",,"2025-01-24 00:43:59.050494",
"xem_jpy","指値","ask","3.8","3000","0",,"2025-01-24 00:43:59.535425",
"xem_jpy","指値","ask","3.8","3000","0",,"2025-01-24 00:43:59.945330",
"xem_jpy","指値","ask","3.8","3000","0",,"2025-01-24 00:44:00.403139",
"xem_jpy","指値","ask","3.8","3000","0",,"2025-01-24 00:44:01.397973",
"xem_jpy","指値","ask","3.8","3000","0",,"2025-01-24 00:44:01.850671",
"xem_jpy","指値","ask","3.8","3000","0",,"2025-01-24 00:44:03.032579",
"xem_jpy","指値","ask","3.8","2315.7","0",,"2025-01-24 00:44:07.913668",
"xem_jpy","指値","ask","3.85","3417.4","0",,"2025-01-24 00:52:52.552385",
"cot_jpy","指値","bid","1.0601","5096.2","0",,"2025-01-24 01:13:36.652086",
"cot_jpy","指値","bid","1.0601","9993","0",,"2025-01-24 01:14:16.175692",
"cot_jpy","指値","bid","1.0601","9999","0",,"2025-01-24 01:14:31.542596",
"cot_jpy","指値","bid","1.0601","2155.06","0",,"2025-01-24 01:14:41.953371",
"cot_jpy","指値","bid","1.0601","1022.3","0",,"2025-01-24 01:14:45.247806",
"cot_jpy","指値","bid","1.0601","7882.14","0",,"2025-01-24 01:14:58.269169",
"cot_jpy","指値","bid","1.0601","1971.67","0",,"2025-01-24 01:15:36.901108",
"cot_jpy","指値","bid","1.0601","1971.67","0",,"2025-01-24 01:15:53.225036",
"cot_jpy","指値","bid","1.0601","3679.67","0",,"2025-01-24 01:16:02.251644",
"cot_jpy","指値","bid","1.0601","7544.54","0",,"2025-01-24 01:16:12.780995",
"cot_jpy","指値","bid","1.0602","7063","0",,"2025-01-24 01:24:23.194197",
"xem_jpy","指値","ask","3.85","4133.6","0",,"2025-01-24 01:26:09.993512",
"cot_jpy","指値","bid","1.0603","1565.4","0",,"2025-01-24 02:00:52.354761",
"cot_jpy","指値","bid","1.0603","5189.9","0",,"2025-01-24 02:45:48.427388",
"xem_jpy","指値","ask","3.8037","5015","0",,"2025-01-24 02:46:02.537138",
"xem_jpy","指値","ask","3.8037","1051","0",,"2025-01-24 03:28:32.295787",
"xem_jpy","指値","ask","3.8037","20224.1","0",,"2025-01-24 03:28:33.867613",
"cot_jpy","指値","bid","1.0603","6840.8","0",,"2025-01-24 03:33:34.678122",
"xem_jpy","指値","ask","3.8496","8710.1","0",,"2025-01-24 04:23:44.581320",
"xem_jpy","指値","ask","3.8","3000","0",,"2025-01-24 05:22:17.831891",
"xem_jpy","指値","ask","3.8","3000","0",,"2025-01-24 05:22:18.295515",
"xem_jpy","指値","ask","3.8","3000","0",,"2025-01-24 05:22:18.751626",
"xem_jpy","指値","ask","3.8","3000","0",,"2025-01-24 05:22:19.323407",
"xem_jpy","指値","ask","3.8","3000","0",,"2025-01-24 05:22:19.762059",
"xem_jpy","指値","ask","3.8","3000","0",,"2025-01-24 05:22:20.234373",
"xem_jpy","指値","ask","3.8","3000","0",,"2025-01-24 05:22:20.813880",
"xem_jpy","指値","ask","3.8","3000","0",,"2025-01-24 05:22:21.261166",
"xem_jpy","指値","ask","3.8","2315.7","0",,"2025-01-24 05:22:21.678987",
"cot_jpy","指値","bid","1.0603","0.4","0",,"2025-01-24 06:18:41.326928",
"cot_jpy","指値","bid","1.0603","1493.5688","0",,"2025-01-24 06:44:29.117391",
"cot_jpy","指値","bid","1.0603","6620.1726","0",,"2025-01-24 06:44:29.117391",
"xem_jpy","指値","ask","3.8496","17266.6","0",,"2025-01-24 08:14:41.554137",
"xem_jpy","指値","ask","3.85","273.2","0",,"2025-01-24 08:14:41.554137",
"xem_jpy","指値","ask","3.85","269.6","0",,"2025-01-24 08:23:10.719860",
"xem_jpy","指値","ask","3.85","269.6","0",,"2025-01-24 08:33:10.644015",
"xem_jpy","指値","ask","3.85","269.6","0",,"2025-01-24 08:43:11.077700",
"xem_jpy","指値","ask","3.85","269.6","0",,"2025-01-24 08:53:10.090845",
"xem_jpy","指値","ask","3.85","43045.4","0",,"2025-01-24 08:53:20.220997",
"xem_jpy","指値","ask","3.85","5654.6","0",,"2025-01-24 08:53:20.220997",
"xem_jpy","指値","ask","3.85","20319.4","0",,"2025-01-24 08:53:29.751357",
"xem_jpy","指値","ask","3.86","25906.7","0",,"2025-01-24 12:00:27.582315",
"xem_jpy","指値","ask","3.91","41983.5","0",,"2025-01-24 15:06:54.265974",
"xem_jpy","指値","bid","3.89","257","0.771",,"2025-01-24 22:28:17.185202",
"xem_jpy","指値","bid","3.7941","18215.8","54.6474",,"2025-01-25 08:44:08.203896",
"xem_jpy","指値","bid","3.7942","123","0.369",,"2025-01-25 08:44:08.203896",
"xem_jpy","指値","bid","3.8036","263.1","0.7893",,"2025-01-25 08:44:08.203896",
"xem_jpy","指値","bid","3.86","1000","3",,"2025-01-25 08:44:08.203896",
"xem_jpy","指値","bid","3.87","1000","3",,"2025-01-25 08:44:08.203896",
"xem_jpy","指値","bid","3.8776","1203","3.609",,"2025-01-25 08:44:08.203896",
"xem_jpy","指値","bid","3.88","1000","3",,"2025-01-25 08:44:08.203896",
"xem_jpy","指値","bid","3.8854","123","0.369",,"2025-01-25 08:44:08.203896",
"xem_jpy","指値","bid","3.89","1000","3",,"2025-01-25 08:44:08.203896",
"xem_jpy","指値","bid","3.895","2738.7","8.2161",,"2025-01-25 08:44:08.203896",
"xem_jpy","指値","bid","3.75","7300","0",,"2025-01-25 08:45:07.792591",
"xem_jpy","指値","bid","3.753","4064","0",,"2025-01-25 09:01:05.218656",
"xem_jpy","指値","bid","3.753","14874","0",,"2025-01-25 09:01:25.607625",
"xem_jpy","指値","bid","3.753","2378","0",,"2025-01-25 09:01:29.575139",
"xem_jpy","指値","bid","3.753","0.2","0",,"2025-01-25 09:01:32.534779",
"xem_jpy","指値","bid","3.752","13030.8","0",,"2025-01-25 09:01:32.534779",
"xem_jpy","指値","bid","3.752","2000","0",,"2025-01-25 09:01:37.886868",
"xem_jpy","指値","bid","3.752","3798","0",,"2025-01-25 09:01:45.797623",
"xem_jpy","指値","bid","3.752","2000","0",,"2025-01-25 09:01:46.347451",
"xem_jpy","指値","bid","3.752","2501","0",,"2025-01-25 09:01:54.656450",
"xem_jpy","指値","bid","3.752","3322","0",,"2025-01-25 09:02:03.209932",
"xem_jpy","指値","bid","3.752","0.6","0",,"2025-01-25 09:02:06.459635",
"xem_jpy","指値","bid","3.75","4382","0",,"2025-01-25 09:02:34.322360",
"xem_jpy","指値","bid","3.75","2000","0",,"2025-01-25 09:02:35.627973",
"xem_jpy","指値","bid","3.75","2423","0",,"2025-01-25 09:02:43.918252",
"xem_jpy","指値","bid","3.75","2337","0",,"2025-01-25 09:02:52.232139",
"xem_jpy","指値","bid","3.75","2000","0",,"2025-01-25 09:03:00.522542",
"xem_jpy","指値","bid","3.75","13163","0",,"2025-01-25 09:03:08.821260",
"xem_jpy","指値","bid","3.75","14464","0",,"2025-01-25 09:03:08.824513",
"xem_jpy","指値","bid","3.75","2000","0",,"2025-01-25 09:03:17.195408",
"xem_jpy","指値","bid","3.75","2795","0",,"2025-01-25 09:03:37.448161",
"xem_jpy","指値","bid","3.75","469.3","0",,"2025-01-25 09:03:39.395429",
"xem_jpy","指値","bid","3.75","2865.7","0",,"2025-01-25 09:03:39.395429",
"xem_jpy","指値","bid","3.75","14444","0",,"2025-01-25 09:03:50.535953",
"xem_jpy","指値","bid","3.75","24889","0",,"2025-01-25 09:03:57.637894",
"xem_jpy","指値","bid","3.75","886","0",,"2025-01-25 09:04:10.939163",
"xem_jpy","指値","bid","3.75","2000","0",,"2025-01-25 09:20:02.431766",
"xem_jpy","指値","bid","3.75","2000","0",,"2025-01-25 09:20:10.887876",
"xem_jpy","指値","bid","3.75","2000","0",,"2025-01-25 09:20:19.256929",
"xem_jpy","指値","bid","3.75","2000","0",,"2025-01-25 09:20:27.559297",
"xem_jpy","指値","bid","3.75","2248.6","0",,"2025-01-25 09:20:35.926065",
"xem_jpy","指値","bid","3.75","6732.4","0",,"2025-01-25 09:20:35.926065",
"xem_jpy","指値","bid","3.75","3664","0",,"2025-01-25 09:20:44.260881",
"xem_jpy","指値","bid","3.75","19984","0",,"2025-01-25 09:20:52.658056",
"xem_jpy","指値","bid","3.75","2000","0",,"2025-01-25 09:21:02.716156",
"xem_jpy","指値","bid","3.75","17045","0",,"2025-01-25 09:21:09.035511",
"xem_jpy","指値","bid","3.75","3907","0",,"2025-01-25 09:21:11.043120",
"xem_jpy","指値","bid","3.75","0.9","0",,"2025-01-25 09:21:15.969435",
"xem_jpy","指値","bid","3.74","3170","0",,"2025-01-25 09:21:19.381103",
"xem_jpy","指値","bid","3.74","4378","0",,"2025-01-25 09:21:27.974226",
"xem_jpy","指値","bid","3.74","8904","0",,"2025-01-25 09:21:29.040889",
"xem_jpy","指値","bid","3.74","4170","0",,"2025-01-25 09:21:36.873639",
"xem_jpy","指値","bid","3.74","4170","0",,"2025-01-25 09:21:45.559898",
"xem_jpy","指値","bid","3.74","2085","0",,"2025-01-25 09:21:54.298493",
"xem_jpy","指値","bid","3.74","2085","0",,"2025-01-25 09:22:02.615713",
"xem_jpy","指値","bid","3.74","2084","0",,"2025-01-25 09:22:10.957839",
"xem_jpy","指値","bid","3.74","2000","0",,"2025-01-25 09:22:19.281432",
"xem_jpy","指値","bid","3.74","6368","0",,"2025-01-25 09:22:21.857769",
"xem_jpy","指値","bid","3.74","10552","0",,"2025-01-25 09:22:28.849951",
"xem_jpy","指値","bid","3.74","24860","0",,"2025-01-25 09:22:42.473856",
"xem_jpy","指値","bid","3.74","842.4","0",,"2025-01-25 09:22:48.359050",
"xem_jpy","指値","bid","3.73","8633","0",,"2025-01-25 09:22:49.490768",
"xem_jpy","指値","bid","3.73","5968","0",,"2025-01-25 09:23:43.401983",
"xem_jpy","指値","bid","3.73","1376","0",,"2025-01-25 09:40:27.721014",
"xem_jpy","指値","bid","3.73","2313","0",,"2025-01-25 09:40:35.578256",
"xem_jpy","指値","bid","3.73","2000","0",,"2025-01-25 09:40:43.875440",
"xem_jpy","指値","bid","3.73","2000","0",,"2025-01-25 09:40:53.225219",
"xem_jpy","指値","bid","3.73","10562","0",,"2025-01-25 09:41:01.144056",
"xem_jpy","指値","bid","3.73","4170","0",,"2025-01-25 09:41:12.412375",
"xem_jpy","指値","bid","3.73","16597.3","0",,"2025-01-25 09:41:14.250460",
"xem_jpy","指値","ask","3.819","26184.8","0",,"2025-01-25 21:23:03.854012",
"xem_jpy","指値","ask","3.835","26075.6","0",,"2025-01-25 21:23:03.854012",
"xem_jpy","指値","ask","3.855","2816.9","0",,"2025-01-25 21:23:03.854012",
"xem_jpy","指値","ask","3.83","3000","0",,"2025-01-26 12:02:29.621228",
"xem_jpy","指値","ask","3.83","10000","0",,"2025-01-26 12:02:34.802873",
"xem_jpy","指値","ask","3.83","10000","0",,"2025-01-26 12:02:46.697310",
"xem_jpy","指値","ask","3.83","3000","0",,"2025-01-26 12:09:20.729315",
"xem_jpy","指値","ask","3.83","109.6","0",,"2025-01-26 12:09:21.183870",
"xem_jpy","指値","ask","3.85","890.4","0",,"2025-01-26 12:12:41.534911",
"xem_jpy","指値","ask","3.85","10109.6","0",,"2025-01-26 12:12:43.641435",
"xem_jpy","指値","ask","3.85","3000","0",,"2025-01-26 12:12:43.654126",
"xem_jpy","指値","ask","3.85","3000","0",,"2025-01-26 12:12:44.104374",
"xem_jpy","指値","ask","3.85","3000","0",,"2025-01-26 12:12:44.540010",
"xem_jpy","指値","ask","3.85","3000","0",,"2025-01-26 12:12:44.980873",
"xem_jpy","指値","ask","3.85","3000","0",,"2025-01-26 12:12:49.315501",
"xem_jpy","指値","ask","3.85","10109.6","0",,"2025-01-26 12:12:52.522982",
"xem_jpy","指値","ask","3.85","3000","0",,"2025-01-26 12:44:14.268962",
"xem_jpy","指値","ask","3.85","3000","0",,"2025-01-26 12:44:14.714059",
"xem_jpy","指値","ask","3.85","3000","0",,"2025-01-26 12:44:15.163188",
"xem_jpy","指値","ask","3.85","4362","0",,"2025-01-26 12:44:19.083931",
"xem_jpy","指値","ask","3.85","10000","0",,"2025-01-26 12:45:18.103200",
"xem_jpy","指値","ask","3.85","5463.4","0",,"2025-01-26 12:45:26.049170",
"xem_jpy","指値","ask","3.85","4536.6","0",,"2025-01-26 12:45:26.049170",
"xem_jpy","指値","ask","3.85","21437.4","0",,"2025-01-26 12:58:13.719748",
"xem_jpy","指値","ask","3.86","25906.7","0",,"2025-01-26 12:58:32.756155",
"xem_jpy","指値","ask","3.8248","4216","48.3760704",,"2025-01-26 13:15:23.062297",
"xem_jpy","指値","ask","3.8139","0.7","0.00800919",,"2025-01-26 13:17:31.251732",
"xem_jpy","指値","ask","3.8034","43199.7","492.91721694",,"2025-01-26 13:17:31.251732",
"xem_jpy","指値","ask","3.8031","21295","242.9610435",,"2025-01-26 13:17:31.251732",
"xem_jpy","指値","ask","3.803","35504.6","405.0719814",,"2025-01-26 13:17:31.251732",
"xem_jpy","指値","ask","3.82","26178","0",,"2025-01-26 13:21:55.505184",
"xem_jpy","指値","ask","3.8525","9999.3","0",,"2025-01-26 13:28:04.870608",
"xem_jpy","指値","ask","3.8525","10000","0",,"2025-01-26 13:28:12.945495",
"xem_jpy","指値","ask","3.8524","6021","0",,"2025-01-26 13:33:02.639500",
"xem_jpy","指値","ask","3.8524","10000","0",,"2025-01-26 13:33:13.607996",
"xem_jpy","指値","ask","3.8524","9936.8","0",,"2025-01-26 13:33:24.606239",
"xem_jpy","指値","ask","3.8525","63.2","0",,"2025-01-26 13:33:24.606239",
"xem_jpy","指値","ask","3.8525","1000.1","0",,"2025-01-26 13:36:25.394820",
"xem_jpy","指値","ask","3.8201","6471","74.1596013",,"2025-01-26 14:31:25.460285",
"xem_jpy","指値","ask","3.82","10741","0",,"2025-01-26 14:31:26.720400",
"xem_jpy","指値","ask","3.82","4584","0",,"2025-01-26 14:31:28.647823",
"xem_jpy","指値","ask","3.82","2000","0",,"2025-01-26 14:31:33.915810",
"xem_jpy","指値","ask","3.82","2387.4","0",,"2025-01-26 14:31:34.248981",
"xem_jpy","指値","ask","3.869","8809.8","0",,"2025-01-26 15:54:23.860538",
"xem_jpy","指値","ask","3.869","10000","0",,"2025-01-26 15:54:33.684917",
"xem_jpy","指値","ask","3.869","10000","0",,"2025-01-26 15:54:43.791657",
"xem_jpy","指値","ask","3.869","10000","0",,"2025-01-26 15:54:54.501670",
"xem_jpy","指値","ask","3.869","5000","0",,"2025-01-26 15:55:23.720254",
"xem_jpy","指値","ask","3.869","912","0",,"2025-01-26 15:55:47.453910",
"xem_jpy","指値","ask","3.869","15997","0",,"2025-01-26 16:00:24.064947",
"cot_jpy","指値","ask","1.0351","1","0",,"2025-01-26 18:42:09.812435",
"cot_jpy","指値","ask","1.0699","3660.5","0",,"2025-01-26 19:27:34.241047",
"cot_jpy","指値","ask","1.0699","10000","0",,"2025-01-26 19:27:34.241047",
"cot_jpy","指値","ask","1.0699","46733.3395","0",,"2025-01-26 19:27:34.241047",
"cot_jpy","指値","ask","1.0997","21576","0",,"2025-01-26 19:27:59.977185",
"cot_jpy","指値","ask","1.0352","900","2.79504",,"2025-01-26 20:35:04.174959",
"cot_jpy","指値","ask","1.0352","297.0297","0.92245544",,"2025-01-26 20:36:18.258100",
"cot_jpy","指値","ask","1.0352","119276.9703","370.42655896",,"2025-01-26 21:00:29.905103",
"cot_jpy","指値","ask","1.0351","179999.9999","558.95399969",,"2025-01-26 21:01:58.767031",
"cot_jpy","指値","ask","1.0351","20000","62.106",,"2025-01-26 21:01:58.767031",
"cot_jpy","指値","ask","1.05","952.3809","0",,"2025-01-26 23:45:21.079684",
"xem_jpy","指値","bid","3.74","26737.9","0",,"2025-01-27 08:36:01.366845",
"xem_jpy","指値","bid","3.72","23000","0",,"2025-01-27 08:36:25.798766",
"xem_jpy","指値","bid","3.73","50000","0",,"2025-01-27 08:45:21.331343",
"xem_jpy","指値","bid","3.73","1742.6","0",,"2025-01-27 08:45:33.252231",
"xem_jpy","指値","bid","3.722","26867.2","0",,"2025-01-27 08:50:21.230552",
"xem_jpy","指値","bid","3.721","50000","0",,"2025-01-27 08:50:44.745293",
"xem_jpy","指値","bid","3.721","3748.9","0",,"2025-01-27 08:50:56.776747",
"xem_jpy","指値","bid","3.72","30763.4","0",,"2025-01-27 08:51:08.608425",
"xem_jpy","指値","bid","3.712","23000","0",,"2025-01-27 08:54:46.397887",
"xem_jpy","指値","bid","3.712","50000","0",,"2025-01-27 09:01:37.676333",
"xem_jpy","指値","bid","3.712","7568","0",,"2025-01-27 09:01:50.198110",
"xem_jpy","指値","bid","3.712","185.7","0",,"2025-01-27 09:02:34.029640",
"xem_jpy","指値","bid","3.71","2241","0",,"2025-01-27 09:02:59.260169",
"xem_jpy","指値","bid","3.71","15302","0",,"2025-01-27 09:33:51.242632",
"xem_jpy","指値","bid","3.71","6588","0",,"2025-01-27 09:47:54.852755",
"xem_jpy","指値","bid","3.71","2000","0",,"2025-01-27 09:48:26.456655",
"xem_jpy","指値","bid","3.71","2000","0",,"2025-01-27 09:49:26.244049",
"xem_jpy","指値","bid","3.71","15736","0",,"2025-01-27 09:49:44.938127",
"xem_jpy","指値","bid","3.71","19983","0",,"2025-01-27 09:49:53.237707",
"xem_jpy","指値","bid","3.71","2739","0",,"2025-01-27 09:50:59.173551",
"xem_jpy","指値","bid","3.71","14273.5","0",,"2025-01-27 09:51:06.095557",
"xem_jpy","指値","bid","3.71","10435.5","0",,"2025-01-27 09:51:06.095557",
"xem_jpy","指値","bid","3.71","2301","0",,"2025-01-27 09:51:07.571050",
"xem_jpy","指値","bid","3.71","10546","0",,"2025-01-27 09:51:13.186194",
"xem_jpy","指値","bid","3.71","5461","0",,"2025-01-27 09:51:15.878261",
"xem_jpy","指値","bid","3.71","5465","0",,"2025-01-27 09:51:24.147542",
"xem_jpy","指値","bid","3.71","5000","0",,"2025-01-27 09:51:42.707087",
"xem_jpy","指値","bid","3.71","5000","0",,"2025-01-27 09:51:51.014661",
"xem_jpy","指値","bid","3.71","23151","0",,"2025-01-27 09:51:52.916214",
"xem_jpy","指値","bid","3.71","16440","0",,"2025-01-27 09:51:59.300188",
"xem_jpy","指値","bid","3.71","2000","0",,"2025-01-27 09:52:07.583299",
"xem_jpy","指値","bid","3.71","7567","0",,"2025-01-27 09:52:26.505695",
"xem_jpy","指値","bid","3.71","1307","0",,"2025-01-27 09:52:39.600087",
"xem_jpy","指値","bid","3.71","3723","0",,"2025-01-27 09:53:53.975593",
"xem_jpy","指値","bid","3.71","1879","0",,"2025-01-27 10:01:05.135648",
"xem_jpy","指値","bid","3.71","6695","0",,"2025-01-27 10:01:05.354209",
"xem_jpy","指値","bid","3.71","846.2","0",,"2025-01-27 10:01:13.677798",
"xem_jpy","指値","bid","3.7","3235.2","0",,"2025-01-27 10:13:35.030861",
"xem_jpy","指値","bid","3.7","2000","0",,"2025-01-27 10:13:43.544237",
"xem_jpy","指値","bid","3.7","2645","0",,"2025-01-27 10:13:51.853363",
"xem_jpy","指値","bid","3.7","2366","0",,"2025-01-27 10:14:08.407591",
"xem_jpy","指値","bid","3.7","2810","0",,"2025-01-27 10:14:25.903339",
"xem_jpy","指値","bid","3.7","81000","0",,"2025-01-27 10:31:55.911433",
"xem_jpy","指値","bid","3.7","14000","0",,"2025-01-27 10:50:41.985722",
"xem_jpy","指値","bid","3.7","51.9","0",,"2025-01-27 10:53:32.277417",
"xem_jpy","指値","ask","3.57","28011.2","0",,"2025-01-29 10:37:48.065291",
"xem_jpy","指値","bid","3.48","28735","0",,"2025-01-29 23:45:09.387580",""
"xem_jpy","指値","ask","3.61","148.1","0",,"2025-01-30 09:00:53.744906",
"xem_jpy","指値","ask","3.61","5533","0",,"2025-01-30 09:00:57.899197",
"xem_jpy","指値","ask","3.61","2263","0",,"2025-01-30 09:00:59.106327",
"xem_jpy","指値","ask","3.61","19756.7","0",,"2025-01-30 09:01:02.705802",
"xem_jpy","指値","ask","3.612","27685.4","0",,"2025-01-30 09:01:02.705802",
"xem_jpy","指値","ask","3.615","10750","0",,"2025-01-30 09:01:06.929159",
"xem_jpy","指値","ask","3.615","16912.5","0",,"2025-01-30 09:01:11.455456",
"xem_jpy","指値","ask","3.639","10000","0",,"2025-01-30 23:56:51.486055",
"xem_jpy","指値","ask","3.639","10000","0",,"2025-01-30 23:57:00.627417",
"xem_jpy","指値","ask","3.639","34960.1","0",,"2025-01-31 00:05:14.451611",
"xem_jpy","指値","ask","3.645","10000","0",,"2025-01-31 00:09:47.148626",
"xem_jpy","指値","ask","3.645","5098","0",,"2025-01-31 00:11:57.959784",
"xem_jpy","指値","ask","3.645","1315","0",,"2025-01-31 00:12:11.115969",
"xem_jpy","指値","ask","3.645","2000","0",,"2025-01-31 00:19:01.048342",
"xem_jpy","指値","ask","3.645","2683","0",,"2025-01-31 00:20:11.484061",
"xem_jpy","指値","ask","3.645","33773.6","0",,"2025-01-31 00:20:36.066601",
"xem_jpy","指値","ask","3.6259","6400","69.61728",,"2025-01-31 00:33:24.818024",
"xem_jpy","指値","ask","3.655","50000","0",,"2025-01-31 00:43:58.058514",
"xem_jpy","指値","ask","3.655","4719.5","0",,"2025-01-31 00:44:06.803613",
"xem_jpy","指値","ask","3.67","27247.9","0",,"2025-01-31 00:48:25.577264",
"xem_jpy","指値","bid","3.59","48999.3","0",,"2025-01-31 10:52:40.955854",
"xem_jpy","指値","bid","3.59","1593.1","0",,"2025-01-31 13:08:41.257822",
"xem_jpy","指値","bid","3.59","1099","0",,"2025-01-31 13:37:45.615155",
"xem_jpy","指値","bid","3.59","4018.9","0",,"2025-01-31 13:38:34.814521",
"xem_jpy","指値","bid","3.5771","1941","5.823",,"2025-01-31 19:49:00.135773",
"xem_jpy","指値","bid","3.5701","5320","0",,"2025-01-31 23:45:06.421535",
"xem_jpy","指値","bid","3.5701","0.1","0",,"2025-02-01 08:46:58.136455",
"xem_jpy","指値","ask","3.73","12535.4","0",,"2025-02-01 15:20:08.311489",
"xem_jpy","指値","ask","3.852","50000","0",,"2025-02-01 22:21:55.342623",
"xem_jpy","指値","ask","3.852","1948","0",,"2025-02-01 22:22:07.997872",
"xem_jpy","指値","ask","3.86","49000","0",,"2025-02-01 22:22:26.806356",
"xem_jpy","指値","ask","3.8","5191","0",,"2025-02-01 22:22:33.852158",
"xem_jpy","指値","ask","3.8","2000","0",,"2025-02-01 22:22:34.280754",
"xem_jpy","指値","ask","3.8","5191","0",,"2025-02-01 22:22:34.967376",
"xem_jpy","指値","ask","3.8","50000","0",,"2025-02-01 22:22:35.664705",
"xem_jpy","指値","ask","3.8","5015","0",,"2025-02-01 22:22:44.018037",
"xem_jpy","指値","ask","3.8","4072","0",,"2025-02-01 22:22:44.652685",
"xem_jpy","指値","ask","3.8","50000","0",,"2025-02-01 22:22:52.505088",
"xem_jpy","指値","ask","3.8","10109.9","0",,"2025-02-01 22:23:01.238151",
"xem_jpy","指値","ask","3.83","6505.4","0",,"2025-02-01 22:52:30.834432",
"xem_jpy","指値","ask","3.8394","50000","0",,"2025-02-01 22:54:00.210016",
"xem_jpy","指値","ask","3.8394","50000","0",,"2025-02-01 22:54:09.095833",
"xem_jpy","指値","ask","3.8394","50000","0",,"2025-02-01 22:54:17.879238",
"cot_jpy","指値","ask","1.1","30900","101.97",,"2025-02-01 23:05:39.803425",
"cot_jpy","指値","ask","1.1396","1224","0",,"2025-02-01 23:11:11.093911",
"cot_jpy","指値","ask","1.1396","9993","0",,"2025-02-01 23:15:58.891607",
"cot_jpy","指値","ask","1.1396","9995","0",,"2025-02-01 23:16:05.669195",
"cot_jpy","指値","ask","1.1396","7362","0",,"2025-02-01 23:16:13.472139",
"cot_jpy","指値","ask","1.1396","6788.11","0",,"2025-02-01 23:16:19.751168",
"cot_jpy","指値","ask","1.1396","3000.17","0",,"2025-02-01 23:16:27.441460",
"cot_jpy","指値","ask","1.1396","9994","0",,"2025-02-01 23:16:34.855789",
"cot_jpy","指値","ask","1.1396","8011.1","0",,"2025-02-01 23:16:35.416435",
"cot_jpy","指値","ask","1.1396","3681","0",,"2025-02-01 23:16:41.668988",
"cot_jpy","指値","ask","1.1396","4364.75","0",,"2025-02-01 23:16:48.786299",
"cot_jpy","指値","ask","1.1396","9999","0",,"2025-02-01 23:16:56.098510",
"cot_jpy","指値","ask","1.1396","3320.68","0",,"2025-02-01 23:17:03.988169",
"cot_jpy","指値","ask","1.1396","654.46","0",,"2025-02-01 23:17:10.292295",
"cot_jpy","指値","ask","1.1396","3681","0",,"2025-02-01 23:17:17.483392",
"cot_jpy","指値","ask","1.1396","5557.25","0",,"2025-02-01 23:17:24.032152",
"cot_jpy","指値","ask","1.1396","1420.35","0",,"2025-02-01 23:17:30.633661",
"cot_jpy","指値","ask","1.1396","1255.7","0",,"2025-02-01 23:17:36.839727",
"cot_jpy","指値","ask","1.1396","2034","0",,"2025-02-01 23:17:44.088430",
"cot_jpy","指値","ask","1.1396","3681","0",,"2025-02-01 23:17:50.623921",
"cot_jpy","指値","ask","1.1396","9998","0",,"2025-02-01 23:17:57.205693",
"cot_jpy","指値","ask","1.1396","9998","0",,"2025-02-01 23:18:03.887099",
"cot_jpy","指値","ask","1.1396","300","0",,"2025-02-01 23:18:10.483003",
"cot_jpy","指値","ask","1.1396","300","0",,"2025-02-01 23:18:17.442294",
"cot_jpy","指値","ask","1.1396","6498.05","0",,"2025-02-01 23:18:24.548924",
"cot_jpy","指値","ask","1.1396","6199.05","0",,"2025-02-01 23:18:32.676357",
"cot_jpy","指値","ask","1.1396","2597.64","0",,"2025-02-01 23:18:38.974508",
"cot_jpy","指値","ask","1.1396","300","0",,"2025-02-01 23:18:45.702907",
"cot_jpy","指値","ask","1.1396","1819.33","0",,"2025-02-01 23:18:52.607673",
"cot_jpy","指値","ask","1.1396","2540.6","0",,"2025-02-01 23:18:59.247791",
"cot_jpy","指値","ask","1.1396","9999","0",,"2025-02-01 23:19:05.641124",
"cot_jpy","指値","ask","1.1396","300","0",,"2025-02-01 23:19:19.927207",
"cot_jpy","指値","ask","1.1396","1468.8","0",,"2025-02-01 23:19:24.862707",
"cot_jpy","指値","ask","1.1396","2968.22","0",,"2025-02-01 23:19:27.383215",
"cot_jpy","指値","ask","1.1396","2968.22","0",,"2025-02-01 23:19:35.122574",
"cot_jpy","指値","ask","1.1396","7568.3","0",,"2025-02-01 23:23:21.498731",
"cot_jpy","指値","ask","1.1396","6875.5","0",,"2025-02-01 23:23:48.178870",
"cot_jpy","指値","ask","1.1396","78684.2105","0",,"2025-02-01 23:27:57.421815",
"cot_jpy","指値","ask","1.1396","0.8775","0",,"2025-02-01 23:28:12.613498",
"cot_jpy","指値","ask","1.1396","1286.17","0",,"2025-02-01 23:28:24.831466",
"cot_jpy","指値","ask","1.1396","11666.5","0",,"2025-02-01 23:28:32.521165",
"cot_jpy","指値","ask","1.1396","619.7154","0",,"2025-02-01 23:28:33.029923",
"xem_jpy","指値","bid","3.65","48990","146.97",,"2025-02-01 23:57:56.577826",
"xem_jpy","指値","bid","3.651","5789.5","0",,"2025-02-01 23:58:02.996542",
"xem_jpy","指値","bid","3.64","1952","0",,"2025-02-02 04:37:03.876379",
"xem_jpy","指値","bid","3.64","5370","0",,"2025-02-02 05:06:39.402974",
"xem_jpy","指値","bid","3.64","713","0",,"2025-02-02 05:07:37.359167",
"xem_jpy","指値","bid","3.64","19437.5","0",,"2025-02-02 05:20:49.591820",
"xem_jpy","指値","bid","3.62","27624.3","0",,"2025-02-02 05:37:08.508031",
"xem_jpy","指値","bid","3.6","47251","0",,"2025-02-02 07:21:32.081682",
"xem_jpy","指値","bid","3.6","8304.5","0",,"2025-02-02 07:21:43.990121",
"xem_jpy","指値","bid","3.58","49000","0",,"2025-02-02 07:31:23.406045",
"xem_jpy","指値","bid","3.58","34798.8","0",,"2025-02-02 07:31:35.040926",
"xem_jpy","指値","bid","3.57","20129","0",,"2025-02-02 09:21:11.541589",
"xem_jpy","指値","bid","3.57","3958","0",,"2025-02-02 09:21:33.722259",
"xem_jpy","指値","bid","3.57","3958","0",,"2025-02-02 09:21:42.059951",
"xem_jpy","指値","bid","3.57","3279","0",,"2025-02-02 09:22:17.582171",
"xem_jpy","指値","bid","3.57","12250","0",,"2025-02-02 09:22:25.178048",
"xem_jpy","指値","bid","3.57","4768","0",,"2025-02-02 09:22:32.147488",
"xem_jpy","指値","bid","3.57","4353","0",,"2025-02-02 09:22:52.856202",
"xem_jpy","指値","bid","3.57","4377","0",,"2025-02-02 09:23:16.536589",
"xem_jpy","指値","bid","3.57","822","0",,"2025-02-02 09:23:18.732506",
"xem_jpy","指値","bid","3.57","4353","0",,"2025-02-02 09:23:25.899943",
"xem_jpy","指値","bid","3.57","8222","0",,"2025-02-02 09:23:27.161177",
"xem_jpy","指値","bid","3.57","4377","0",,"2025-02-02 09:23:34.513006",
"xem_jpy","指値","bid","3.57","16430","0",,"2025-02-02 09:23:34.712531",
"xem_jpy","指値","bid","3.57","2000","0",,"2025-02-02 09:23:43.275741",
"xem_jpy","指値","bid","3.57","6724","0",,"2025-02-02 09:23:48.277675",
"xem_jpy","指値","bid","3.5361","7418","0",,"2025-02-02 09:23:55.293998",
"xem_jpy","指値","bid","3.56","3405","0",,"2025-02-02 10:43:43.259708",
"xem_jpy","指値","bid","3.56","15312","0",,"2025-02-02 10:43:51.320878",
"xem_jpy","指値","bid","3.56","2000","0",,"2025-02-02 10:43:51.542790",
"xem_jpy","指値","bid","3.56","5000","0",,"2025-02-02 10:43:59.854456",
"xem_jpy","指値","bid","3.56","1988","0",,"2025-02-02 10:44:04.856441",
"xem_jpy","指値","bid","3.56","384.8","0",,"2025-02-02 10:44:08.155254",
"xem_jpy","指値","bid","3.56","4116","0",,"2025-02-02 10:49:47.009282",
"xem_jpy","指値","bid","3.56","17697","0",,"2025-02-02 10:52:12.034657",
"xem_jpy","指値","bid","3.56","2576","0",,"2025-02-02 10:52:19.000234",
"xem_jpy","指値","bid","3.56","3700","0",,"2025-02-02 10:53:07.880971",
"xem_jpy","指値","bid","3.56","0.8","0",,"2025-02-02 10:53:24.510581",
"xem_jpy","指値","bid","3.56","6065.2","0",,"2025-02-02 10:53:24.510581",
"xem_jpy","指値","bid","3.56","122","0",,"2025-02-02 10:53:29.871006",
"xem_jpy","指値","bid","3.56","5000","0",,"2025-02-02 10:53:40.214036",
"xem_jpy","指値","bid","3.56","5000","0",,"2025-02-02 10:53:43.184167",
"xem_jpy","指値","bid","3.56","11902.6","0",,"2025-02-02 10:54:03.595278",
"xem_jpy","指値","bid","3.55","2326","0",,"2025-02-02 10:54:10.564896",
"xem_jpy","指値","bid","3.58","12556","0",,"2025-02-02 10:59:03.666249",
"xem_jpy","指値","bid","3.58","7915","0",,"2025-02-02 10:59:12.439737",
"xem_jpy","指値","bid","3.58","2176","0",,"2025-02-02 10:59:21.080345",
"xem_jpy","指値","bid","3.58","2176","0",,"2025-02-02 10:59:29.736635",
"xem_jpy","指値","bid","3.58","2000","0",,"2025-02-02 10:59:38.359320",
"xem_jpy","指値","bid","3.58","1266.8","0",,"2025-02-02 10:59:45.123629",
"xem_jpy","指値","bid","3.55","2322","0",,"2025-02-02 10:59:52.086191",
"xem_jpy","指値","bid","3.6","5659","0",,"2025-02-02 11:03:35.828165",
"xem_jpy","指値","bid","3.6","5659","0",,"2025-02-02 11:03:36.945146",
"xem_jpy","指値","bid","3.6","5659","0",,"2025-02-02 11:03:38.138721",
"xem_jpy","指値","bid","3.6","10800.7","0",,"2025-02-02 11:03:38.200454",
"xem_jpy","指値","bid","3.57","2847","0",,"2025-02-02 11:08:19.583347",
"xem_jpy","指値","bid","3.57","3444","0",,"2025-02-02 11:08:27.907336",
"xem_jpy","指値","bid","3.57","5000","0",,"2025-02-02 11:08:28.202263",
"xem_jpy","指値","bid","3.57","5000","0",,"2025-02-02 11:08:31.741073",
"xem_jpy","指値","bid","3.57","5000","0",,"2025-02-02 11:08:34.188707",
"xem_jpy","指値","bid","3.57","2176","0",,"2025-02-02 11:08:36.220148",
"xem_jpy","指値","bid","3.57","3809","0",,"2025-02-02 11:08:44.547564",
"xem_jpy","指値","bid","3.57","735.2","0",,"2025-02-02 11:08:52.874424",
"xem_jpy","指値","bid","3.57","15818","0",,"2025-02-02 11:10:14.112190",
"xem_jpy","指値","bid","3.57","5000","0",,"2025-02-02 11:10:17.081562",
"xem_jpy","指値","bid","3.57","5000","0",,"2025-02-02 11:10:19.179382",
"xem_jpy","指値","bid","3.57","2193.2","0",,"2025-02-02 11:10:19.183390",
"xem_jpy","指値","bid","3.56","5000","0",,"2025-02-02 11:10:22.216221",
"xem_jpy","指値","bid","3.56","5000","0",,"2025-02-02 11:10:25.439220",
"xem_jpy","指値","bid","3.56","5000","0",,"2025-02-02 11:10:28.167487",
"xem_jpy","指値","bid","3.56","5000","0",,"2025-02-02 11:10:31.167846",
"xem_jpy","指値","bid","3.56","8318","0",,"2025-02-02 11:10:55.596909",
"xem_jpy","指値","bid","3.56","2070.2","0",,"2025-02-02 11:11:02.605613",
"xem_jpy","指値","bid","3.55","5000","0",,"2025-02-02 11:11:25.746289",
"xem_jpy","指値","bid","3.55","5000","0",,"2025-02-02 11:11:28.198672",
"xem_jpy","指値","bid","3.55","5000","0",,"2025-02-02 11:11:31.149642",
"xem_jpy","指値","bid","3.55","5000","0",,"2025-02-02 11:11:34.859296",
"xem_jpy","指値","bid","3.55","3521","0",,"2025-02-02 11:11:55.187206",
"xem_jpy","指値","bid","3.538","1479","0",,"2025-02-02 11:11:55.187206",
"xem_jpy","指値","bid","3.538","1547","0",,"2025-02-02 11:14:38.991539",
"xem_jpy","指値","bid","3.5628","17614","52.842",,"2025-02-02 11:15:51.279288",
"xem_jpy","指値","bid","3.5628","2000","0",,"2025-02-02 11:15:52.981966",
"xem_jpy","指値","bid","3.5628","8453.8","0",,"2025-02-02 11:15:55.792780",
"xem_jpy","指値","bid","3.538","3825","0",,"2025-02-02 11:17:50.569465",
"xem_jpy","指値","bid","3.538","20250","0",,"2025-02-02 11:18:55.972625",
"xem_jpy","指値","bid","3.538","1163.5","0",,"2025-02-02 11:19:29.121363",
"xem_jpy","指値","bid","3.5371","23330.5","0",,"2025-02-02 11:19:29.121363",
"xem_jpy","指値","bid","3.5371","4941","0",,"2025-02-02 11:19:31.359229",
"xem_jpy","指値","bid","3.5371","0.2","0",,"2025-02-02 11:19:36.661211",
"xem_jpy","指値","bid","3.5361","5344.8","0",,"2025-02-02 11:19:36.661211",
"xem_jpy","指値","bid","3.5361","10607","0",,"2025-02-02 11:19:39.659533",
"xem_jpy","指値","bid","3.5361","4909.9","0",,"2025-02-02 11:19:47.976715",
"xem_jpy","指値","bid","3.5361","10299.1","0",,"2025-02-02 11:19:47.976715",
"xem_jpy","指値","bid","3.5361","9530","0",,"2025-02-02 11:19:56.354721",
"xem_jpy","指値","bid","3.5361","3809","0",,"2025-02-02 11:20:04.649919",
"xem_jpy","指値","bid","3.5361","4641.6","0",,"2025-02-02 11:20:05.829252",
"xem_jpy","指値","ask","3.0999","32259.1","0",,"2025-02-09 14:31:46.944146",
"xem_jpy","指値","ask","3.111","64288","0",,"2025-02-09 14:31:46.944146",
"xem_jpy","指値","ask","3.25","14222","0",,"2025-02-09 18:03:56.545287",
"xem_jpy","指値","bid","3.059","11400","0",,"2025-02-09 22:20:37.114980",
"xem_jpy","指値","bid","3.059","49000","0",,"2025-02-09 22:20:48.854522",
"xem_jpy","指値","bid","3.059","1163","0",,"2025-02-09 22:55:07.084339",
"xem_jpy","指値","bid","3.059","2248","0",,"2025-02-09 22:59:34.542724",
"xem_jpy","指値","bid","3.081","49017.5","0",,"2025-02-10 06:20:50.016419",
